Title,Content,Price,"Feature Image"
"Last One","1.7 Cubic Foot Compact ""Cube"" Office Refrigerators",,https://surveillance.arhamsoft.com/wp-content/uploads/2021/11/powertwowires-18.jpg
"First Test","Eldon Base for stackable storage shelf, platinum",,https://surveillance.arhamsoft.com/wp-content/uploads/2021/11/distributor-17.jpg
"Last One","1.7 Cubic Foot Compact ""Cube"" Office Refrigerators",,https://surveillance.arhamsoft.com/wp-content/uploads/2021/11/powertwowires-17.jpg
"First Test","Eldon Base for stackable storage shelf, platinum",,https://surveillance.arhamsoft.com/wp-content/uploads/2021/11/distributor-18.jpg
"First Test","Eldon Base for stackable storage shelf, platinum",,https://surveillance.arhamsoft.com/wp-content/uploads/2021/11/distributor-16.jpg
"Last One","1.7 Cubic Foot Compact ""Cube"" Office Refrigerators",,https://surveillance.arhamsoft.com/wp-content/uploads/2021/11/powertwowires-16.jpg
"First Test","Eldon Base for stackable storage shelf, platinum",,https://surveillance.arhamsoft.com/wp-content/uploads/2021/11/distributor-15.jpg
"Last One","1.7 Cubic Foot Compact ""Cube"" Office Refrigerators",,https://surveillance.arhamsoft.com/wp-content/uploads/2021/11/powertwowires-15.jpg
"First Test","Eldon Base for stackable storage shelf, platinum",,https://surveillance.arhamsoft.com/wp-content/uploads/2021/11/distributor-14.jpg
"Last One","1.7 Cubic Foot Compact ""Cube"" Office Refrigerators",,https://surveillance.arhamsoft.com/wp-content/uploads/2021/11/powertwowires-14.jpg
"First Test","Eldon Base for stackable storage shelf, platinum",,https://surveillance.arhamsoft.com/wp-content/uploads/2021/11/distributor-13.jpg
"Last One","1.7 Cubic Foot Compact ""Cube"" Office Refrigerators",,https://surveillance.arhamsoft.com/wp-content/uploads/2021/11/powertwowires-13.jpg
"First Test","Eldon Base for stackable storage shelf, platinum",,https://surveillance.arhamsoft.com/wp-content/uploads/2021/11/distributor-12.jpg
"Last One","1.7 Cubic Foot Compact ""Cube"" Office Refrigerators",,https://surveillance.arhamsoft.com/wp-content/uploads/2021/11/powertwowires-12.jpg
"Last One","1.7 Cubic Foot Compact ""Cube"" Office Refrigerators",,https://surveillance.arhamsoft.com/wp-content/uploads/2021/11/powertwowires-11.jpg
"First Test","Eldon Base for stackable storage shelf, platinum",,https://surveillance.arhamsoft.com/wp-content/uploads/2021/11/distributor-11.jpg
"First Test","Eldon Base for stackable storage shelf, platinum",,https://surveillance.arhamsoft.com/wp-content/uploads/2021/11/distributor-10.jpg
"Last One","1.7 Cubic Foot Compact ""Cube"" Office Refrigerators",,https://surveillance.arhamsoft.com/wp-content/uploads/2021/11/powertwowires-10.jpg
"First Test","Eldon Base for stackable storage shelf, platinum",,https://surveillance.arhamsoft.com/wp-content/uploads/2021/11/distributor-9.jpg
"Last One","1.7 Cubic Foot Compact ""Cube"" Office Refrigerators",,https://surveillance.arhamsoft.com/wp-content/uploads/2021/11/powertwowires-9.jpg
"Last One","1.7 Cubic Foot Compact ""Cube"" Office Refrigerators",,https://surveillance.arhamsoft.com/wp-content/uploads/2021/11/powertwowires-7.jpg
"First Test","Eldon Base for stackable storage shelf, platinum",,https://surveillance.arhamsoft.com/wp-content/uploads/2021/11/distributor-8.jpg
"Last One","1.7 Cubic Foot Compact ""Cube"" Office Refrigerators",,https://surveillance.arhamsoft.com/wp-content/uploads/2021/11/powertwowires-8.jpg
"First Test","Eldon Base for stackable storage shelf, platinum",,https://surveillance.arhamsoft.com/wp-content/uploads/2021/11/distributor-7.jpg
"First Test","Eldon Base for stackable storage shelf, platinum",,https://surveillance.arhamsoft.com/wp-content/uploads/2021/11/distributor-6.jpg
"Last One","1.7 Cubic Foot Compact ""Cube"" Office Refrigerators",,https://surveillance.arhamsoft.com/wp-content/uploads/2021/11/powertwowires-6.jpg
"First Test","Eldon Base for stackable storage shelf, platinum",,https://surveillance.arhamsoft.com/wp-content/uploads/2021/11/distributor-5.jpg
"Last One","1.7 Cubic Foot Compact ""Cube"" Office Refrigerators",,https://surveillance.arhamsoft.com/wp-content/uploads/2021/11/powertwowires-5.jpg
"First Test","Eldon Base for stackable storage shelf, platinum",,https://surveillance.arhamsoft.com/wp-content/uploads/2021/11/distributor-4.jpg
"Last One","1.7 Cubic Foot Compact ""Cube"" Office Refrigerators",,https://surveillance.arhamsoft.com/wp-content/uploads/2021/11/powertwowires-4.jpg
"First Test","Eldon Base for stackable storage shelf, platinum",,https://surveillance.arhamsoft.com/wp-content/uploads/2021/11/distributor-3.jpg
"Last One","1.7 Cubic Foot Compact ""Cube"" Office Refrigerators",,https://surveillance.arhamsoft.com/wp-content/uploads/2021/11/powertwowires-3.jpg
"Last One","1.7 Cubic Foot Compact ""Cube"" Office Refrigerators",,https://surveillance.arhamsoft.com/wp-content/uploads/2021/11/powertwowires-2.jpg
"First Test","Eldon Base for stackable storage shelf, platinum",,https://surveillance.arhamsoft.com/wp-content/uploads/2021/11/distributor-2.jpg
"First Test","Eldon Base for stackable storage shelf, platinum",,https://surveillance.arhamsoft.com/wp-content/uploads/2021/11/distributor-1.jpg
"Last One","1.7 Cubic Foot Compact ""Cube"" Office Refrigerators",,https://surveillance.arhamsoft.com/wp-content/uploads/2021/11/powertwowires-1.jpg
"Last One","1.7 Cubic Foot Compact ""Cube"" Office Refrigerators",,https://surveillance.arhamsoft.com/wp-content/uploads/2021/11/powertwowires.jpg
"First Test","Eldon Base for stackable storage shelf, platinum",,https://surveillance.arhamsoft.com/wp-content/uploads/2021/11/distributor.jpg
"PRO TWISTED PAIR UTP CABEL","PRO UTP CAT 5E
GREAT PERFORMANCE
FULL COPPER
PRICE FOR 1M",,https://surveillance.arhamsoft.com/wp-content/uploads/2021/05/UTP5.jpg
"OUTSIDE UNIT DVC DT607/FE/ID/S2/RH","RFID YES

CAMERA FISHEYE

NUMBER OF BUTTONS 2

DIMENZIONS: 94 x 179 x 42",,https://surveillance.arhamsoft.com/wp-content/uploads/2021/10/DT607FEIDS2RH.jpg
"PRO TWISTED PAIR UTP CABEL","PRO UTP CAT 5E
GREAT PERFORMANCE
FULL COPPER
PRICE FOR 1M",,https://surveillance.arhamsoft.com/wp-content/uploads/2021/05/UTP5.jpg
"OUTSIDE UNIT DVC DT607/FE/ID/S1/RH","RFID YES

CAMERA FISHEYE

NUMBER OF BUTTONS 1

DIMENZIONS: 94 x 179 x 42",,https://surveillance.arhamsoft.com/wp-content/uploads/2021/10/DT607FEIDS1RH.jpg
"IP COMMUNICATOR IP150","Central station reporting via IPR512 or IPRS-7
Provides connectivity to Insite GOLD, BabyWare, NEware or InField to access your system through the internet
DHCP connectivity with no configuration
Remote firmware upgrades with a fail-safe mode",,https://surveillance.arhamsoft.com/wp-content/uploads/2021/10/ip150.jpg
"LED PARADOX KEYBOARD K10V","<ul>
 	<li>Supports StayD Mode</li>
 	<li>10-zone LED display</li>
 	<li>Separate Arm, Sleep, Stay and Off LEDs per partition</li>
 	<li>Patented Key Light display (button lights up to indicate an open zone)</li>
 	<li>1 keypad zone input</li>
</ul>",,https://surveillance.arhamsoft.com/wp-content/uploads/2021/10/K10V.jpg
"PARADOX TOUCH SENSE LCD K656","<ul>
 	<li>Touch Sense keys with LED backlighting</li>
 	<li>Streamlined, compact design</li>
 	<li>Zone alarm display</li>
 	<li>Installer Upload/Download software (Babyware Q4)</li>
 	<li>In-field firmware upgradable via Paradox InField Firmware Upgrade Software</li>
 	<li>Simplified end-user remote control programming</li>
 	<li>32-character blue LCD screen</li>
</ul>",,https://surveillance.arhamsoft.com/wp-content/uploads/2021/10/k656.jpg
"REOLINK 4G CAMERA WITH SOLAR PANEL","RESOLUTION 2MPx
STARLIGHT CHIP FOR BEST NIGHT VISION
64GB SD CARD SUPPORT
IP65",,https://surveillance.arhamsoft.com/wp-content/uploads/2021/09/reolinkgo.jpg
"HIKVISION BASE DS-1280ZJ-S","HIKVISION BASE DS-1280ZJ-S",,https://surveillance.arhamsoft.com/wp-content/uploads/2021/06/DS-1280ZJ-S.jpg
"HIKVISION BASE DS-1280ZJ-DM18","HIKVISION BASE DS-1280ZJ-DM18",,https://surveillance.arhamsoft.com/wp-content/uploads/2021/06/DS-1280ZJ-DM18.jpg
"DAHUA BASE PFA-130-E","DAHUA BASE PFA-130-E",,https://surveillance.arhamsoft.com/wp-content/uploads/2021/06/PFA130E.jpg
"DAHUA BASE PFA 134","DAHUA BASE PFA 134",,https://surveillance.arhamsoft.com/wp-content/uploads/2021/06/PFA134.jpg
"HIKVISION BASE DS-1280ZJ-XS","HIKVISION BASE DS-1280ZJ-XS",,https://surveillance.arhamsoft.com/wp-content/uploads/2021/06/ds-1280zj-xs.jpg
"HikVision Test for camera",,,
"RFID CARD","* WORKING ON 125Mhz
* CANNOT BE COPIED",,https://surveillance.arhamsoft.com/wp-content/uploads/2021/03/rfid.jpg
"8 PORT POE SWITCH PFS3009-8ET-96","&gt; Layer two commercial switch
&gt; Supports PoE power management
&gt; Supports wall-mount installation
&gt; Supports anti-theft lock hole
&gt; MAC auto learning and aging, MAC address capacity is 2K
&gt; Supports IEEE802.3, IEEE802.3u and IEEE802.3X standards
&gt; RJ45 port supports 10/100 Mbps self-adaptation
&gt; Supports 250 meters long distance PoE transmission",,https://surveillance.arhamsoft.com/wp-content/uploads/2021/05/PFS3009-8ET-96.jpg
"4 PORT POE SWITCH DS-3E0105P-E/M","5 PORTS: 4 PORTS + 1 UPLINK
300M POE RANGE",,https://surveillance.arhamsoft.com/wp-content/uploads/2021/03/DS-3E0105P-EM.jpg
"DAHUA INSIDE UNIT DH-VTH2421FW-P","· 7"" TFT Capacitive touch screen, 1024 x 600
· IPC surveillance
· Alarm integration
· High performance &amp; Cost-effective
· Embedded 8GB SD card
· Support standard PoE",,https://surveillance.arhamsoft.com/wp-content/uploads/2021/05/DH-VTH2421FW-P.jpg
"DAHUA INSIDE UNIT DH-VTH5221DW","• 7-inch Capacitive Touch Screen, 1024 x 600 Resolution
• Simplified Connection and Setup
• Supports Alarm Integration with 3rd Party Intrusion Devices
• Control Up to Two Doors and Monitor up to 32 IP Cameras
• Integrated Micro SD Card Slot, maximum 32 GB",,https://surveillance.arhamsoft.com/wp-content/uploads/2021/05/DH-VTH5221DW.jpg
"DAHUA OUTSIDE UNIT DH-VTO3211D-P4","4 BUTTON

&gt; Aluminum panel, IP65,IK08

&gt; ICR Night vision &amp;Voice indication

&gt; Video &amp; Audio messaging

&gt; Remote intercom with mobile APP

&gt; Surface mounted",,https://surveillance.arhamsoft.com/wp-content/uploads/2021/05/DH-VTO3211D-P4.jpg
"DAHUA OUTSIDE UNIT DH-VTO3211D-P","1 BUTTON

&gt; Aluminum panel, IP65,IK08

&gt; ICR Night vision &amp;Voice indication

&gt; Video &amp; Audio messaging

&gt; Remote intercom with mobile APP

&gt; Surface mounted",,https://surveillance.arhamsoft.com/wp-content/uploads/2021/05/DH-VTO3211D-P.jpg
"MIFARE CARD","MIFARE ACCESS CONTROL CARD",,https://surveillance.arhamsoft.com/wp-content/uploads/2021/05/mifare.jpg
"CV-14/DC ELECTRIC LOCK","DC STANDARD ELECTRIC LOCK

- DIMENSIONS: 159x25x32mm",,https://surveillance.arhamsoft.com/wp-content/uploads/2021/03/CV-14DC.jpg
"HIKVISION OUTSIDE UNIT DS-KV8113-WME1","<ul class=""product_description_item-list"">
 	<li class="" product_description_item"">Support Wifi, convenient setting up and no wiring required</li>
 	<li class="" product_description_item"">Support web configuration</li>
 	<li class="" product_description_item"">Aluminum alloy, Nice industry design, IP65, IK08, 3 indicator integrated</li>
 	<li class="" product_description_item"">Internal Mifare card reader, 1-ch Indoor station access control</li>
 	<li class="" product_description_item"">Noise suppression and echo cancellation</li>
 	<li class="" product_description_item"">2MP HD Camera with IR supplement</li>
 	<li class="" product_description_item"">Standard PoE/12 VDC</li>
</ul>",,https://surveillance.arhamsoft.com/wp-content/uploads/2021/05/DS-KV8113-WME1.jpg
"AC/DC POWER ADAPTER 220V/12V(1A) 1X OUTPUT","POWER ADAPTER
1X OUTPUT
220V TO 12V/1A",,https://surveillance.arhamsoft.com/wp-content/uploads/2021/03/adp12v1a.jpg
"HIKVISION INSIDE UNIT DS-KH6320-WTE1","<ul class=""product_description_item-list"">
 	<li class="" product_description_item"">IP indoor station</li>
 	<li class="" product_description_item"">Reddot award 2017 winner, 7“ Touch-Screen Indoor Station</li>
 	<li class="" product_description_item"">Wi-Fi (for W version), standard PoE/ 12 VDC</li>
 	<li class="" product_description_item"">TF card, max 32G, for capture while video calling</li>
 	<li class="" product_description_item"">8-ch alarm input , 2 alarm output, 1x485</li>
 	<li class="" product_description_item"">Remote unlocking via the client or the APP</li>
 	<li class="" product_description_item"">Views live videos of door stations and external cameras</li>
</ul>",,https://surveillance.arhamsoft.com/wp-content/uploads/2021/05/DS-KH6320-WTE1.jpg
"MIFARE CARD","MIFARE ACCESS CONTROL CARD",,https://surveillance.arhamsoft.com/wp-content/uploads/2021/05/mifare.jpg
"CV-14/DC ELECTRIC LOCK","DC STANDARD ELECTRIC LOCK

- DIMENSIONS: 159x25x32mm",,https://surveillance.arhamsoft.com/wp-content/uploads/2021/03/CV-14DC.jpg
"PRO UTP CABEL","PRO UTP CAT 5E
GREAT PERFORMANCE
FULL COPPER
PRICE FOR 1M",,https://surveillance.arhamsoft.com/wp-content/uploads/2021/05/UTP5.jpg
"8 PORT POE SWITCH DS-3E0109P-E/M","9 PORTS: 8 PORTS + 1 UPLINK
300M POE RANGE",,https://surveillance.arhamsoft.com/wp-content/uploads/2021/03/DS-3E0109P-EM.jpg
"4 PORT POE SWITCH PFS3005-4ET-60","&gt; Intelligent PoE
&gt; Hi-PoE 60W (orange port)
&gt; 8-pin assignment PoE power supply
&gt; Long distance PoE
&gt; PoE watchdog
&gt; Wide working temperature",,https://surveillance.arhamsoft.com/wp-content/uploads/2021/05/PFS3005-4ET-60.jpg
"HIKVISION INSIDE UNIT DS-KH6320-WTE1","<ul class=""product_description_item-list"">
 	<li class="" product_description_item"">IP indoor station</li>
 	<li class="" product_description_item"">Reddot award 2017 winner, 7“ Touch-Screen Indoor Station</li>
 	<li class="" product_description_item"">Wi-Fi (for W version), standard PoE/ 12 VDC</li>
 	<li class="" product_description_item"">TF card, max 32G, for capture while video calling</li>
 	<li class="" product_description_item"">8-ch alarm input , 2 alarm output, 1x485</li>
 	<li class="" product_description_item"">Remote unlocking via the client or the APP</li>
 	<li class="" product_description_item"">Views live videos of door stations and external cameras</li>
</ul>",,https://surveillance.arhamsoft.com/wp-content/uploads/2021/05/DS-KH6320-WTE1.jpg
"HIKVISION INSIDE UNIT DS-KH8350-WTE1","<ul class=""product_description_item-list"">
 	<li class="" product_description_item"">IP indoor station</li>
 	<li class="" product_description_item"">Reddot award 2017 winner, 7“ Touch-Screen Indoor Station</li>
 	<li class="" product_description_item"">Wi-Fi (for W version), standard PoE/ 12 VDC</li>
 	<li class="" product_description_item"">TF card, max 32G, for capture while video calling</li>
 	<li class="" product_description_item"">8-ch alarm input , 2 alarm output, 1x485</li>
 	<li class="" product_description_item"">Remote unlocking via the client or the APP</li>
 	<li class="" product_description_item"">Views live videos of door stations and external cameras</li>
</ul>",,https://surveillance.arhamsoft.com/wp-content/uploads/2021/05/DS-KH8350-WTE11.jpg
"HIKVISION OUTSIDE UNIT DS-KV8213-WME1","<ul class=""product_description_item-list"">
 	<li class="" product_description_item"">Support Wifi, convenient setting up and no wiring required</li>
 	<li class="" product_description_item"">Support web configuration</li>
 	<li class="" product_description_item"">Aluminum alloy, Nice industry design, IP65, IK08, 3 indicator integrated</li>
 	<li class="" product_description_item"">Internal Mifare card reader, 1-ch Indoor station access control</li>
 	<li class="" product_description_item"">Noise suppression and echo cancellation</li>
 	<li class="" product_description_item"">2MP HD Camera with IR supplement</li>
 	<li class="" product_description_item"">Standard PoE/12 VDC</li>
</ul>",,https://surveillance.arhamsoft.com/wp-content/uploads/2021/05/DS-KV8213-WME1.jpg
"HIKVISION OUTSIDE UNIT DS-KV8413-WME1","<ul class=""product_description_item-list"">
 	<li class="" product_description_item"">Support Wifi, convenient setting up and no wiring required</li>
 	<li class="" product_description_item"">Support web configuration</li>
 	<li class="" product_description_item"">Aluminum alloy, Nice industry design, IP65, IK08, 3 indicator integrated</li>
 	<li class="" product_description_item"">Internal Mifare card reader, 1-ch Indoor station access control</li>
 	<li class="" product_description_item"">Noise suppression and echo cancellation</li>
 	<li class="" product_description_item"">2MP HD Camera with IR supplement</li>
 	<li class="" product_description_item"">Standard PoE/12 VDC</li>
</ul>",,https://surveillance.arhamsoft.com/wp-content/uploads/2021/05/DS-KV8413-WME1.jpg
"HIKVISION OUTSIDE UNIT DS-KV8113-WME1","<ul class=""product_description_item-list"">
 	<li class="" product_description_item"">Support Wifi, convenient setting up and no wiring required</li>
 	<li class="" product_description_item"">Support web configuration</li>
 	<li class="" product_description_item"">Aluminum alloy, Nice industry design, IP65, IK08, 3 indicator integrated</li>
 	<li class="" product_description_item"">Internal Mifare card reader, 1-ch Indoor station access control</li>
 	<li class="" product_description_item"">Noise suppression and echo cancellation</li>
 	<li class="" product_description_item"">2MP HD Camera with IR supplement</li>
 	<li class="" product_description_item"">Standard PoE/12 VDC</li>
</ul>",,https://surveillance.arhamsoft.com/wp-content/uploads/2021/05/DS-KV8113-WME1.jpg
"SIREN SOLO IBS L","<pre id=""tw-target-text"" class=""tw-data-text tw-text-large XcVN5d tw-ta"" dir=""ltr"" data-placeholder=""Translation""><span class=""Y2IQFc"" lang=""en"">OUTDOOR SIREN WITH FLASH, ANTI-SAVING HOUSING HOUSING</span></pre>",,https://surveillance.arhamsoft.com/wp-content/uploads/2021/05/solo-ibs.jpg
"SIREN NEKA KIT DSC","<pre id=""tw-target-text"" class=""tw-data-text tw-text-large XcVN5d tw-ta"" dir=""ltr"" data-placeholder=""Translation""><span class=""Y2IQFc"" lang=""en"">• self-powered external siren with flash
• frequency modulated siren sound with variable options
• beep time 3-25 minutes
(programmable); if an alarm condition remains after that, only
the flash resumes operation
• polycarbonate housing resistant to external influences
• additional protection with inner metal housing
• protection against cable cutting and housing opening

• light indication in
in the case of low voltage
batteries
• housing protection level:
IP34; power supply 12 V (required battery up to 2 Ah), current in
alarm 1.4 A
• sound output 105 dB / at 3 m
• dimensions: 208 x 252 x 108 mm; operating temperature of -25 ° C
up to 55 ° C</span></pre>",,https://surveillance.arhamsoft.com/wp-content/uploads/2021/05/neka-kit.jpg
"MOTION DETECTOR 525DM","<ul class=""a-unordered-list a-vertical a-spacing-mini"">
 	<li>Digital dual technology detector equipped with PIR and microwave detection. The detector can also have the anti-masking function activated.</li>
</ul>",,https://surveillance.arhamsoft.com/wp-content/uploads/2021/05/525dm.jpg
"MOTION DETECTOR NV5","<ul class=""a-unordered-list a-vertical a-spacing-mini"">
 	<li><span class=""a-list-item"">Works With All Hardwired Alarm Systems.</span></li>
 	<li><span class=""a-list-item"">Small detector. Big capabilities.</span></li>
 	<li><span class=""a-list-item"">Easy to install. Easy to use.</span></li>
 	<li><span class=""a-list-item"">Customizable Sensitivity Levels.</span></li>
</ul>",,https://surveillance.arhamsoft.com/wp-content/uploads/2021/05/NV5.jpg
"CASE FOR PARADOX","CASE FOR PARADOX ALARM BOARD

&nbsp;",,https://surveillance.arhamsoft.com/wp-content/uploads/2021/05/paradoxcase.jpg
"ALARM BOARD SP6000","ALARM BOARD 8 ZONES

EXPANDABLE TO 32 ZONES WITH EXPANDERS

2 PARTITION

&nbsp;",,https://surveillance.arhamsoft.com/wp-content/uploads/2021/05/sp6000.jpg
"ALARM BOARD SP5500","ALARM BOARD 5 ZONES

EXPANDABLE TO 24 ZONES WITH EXPANDERS

2 PARTITION

&nbsp;",,https://surveillance.arhamsoft.com/wp-content/uploads/2021/05/sp5500.jpg
"IP COMMUNICATOR T-LINK 260","<pre id=""tw-target-text"" class=""tw-data-text tw-text-large XcVN5d tw-ta"" dir=""ltr"" data-placeholder=""Translation""><span class=""Y2IQFc"" lang=""en"">• Compatible with PC1864 /
PC1832 / PC1616 control
panels
• Panel remote upload and
download via internet / intranet using DLS IV
• Programmable using DLS IV
or keyboards
• 128 bit AES encryption
• Full event report
• SIA protocol
• Contact ID protocol (with
PowerSeries v4.5 and communicator firmware v1.1
or higher)</span></pre>",,https://surveillance.arhamsoft.com/wp-content/uploads/2021/05/t-link-260.jpg
"ALARM CABLE 6X0.22","ALARM CABLE PRO

PRICE FOR ONE M",,
"LCD KEYBOARD HS2LCDRF8EE3","<pre id=""tw-target-text"" class=""tw-data-text tw-text-large XcVN5d tw-ta"" dir=""ltr"" data-placeholder=""Translation""><span class=""Y2IQFc"" lang=""en"">• Backlight:
blue
• Adjustable backlight and buzzer volume
• Global partition status
• Supports up to 128 wired or
wireless zones
• Zone marking up to 32
sign
• Programmable menu
• Outdoor temperature display
via PGx905
• Built-in POWERG
transceiver
• 5 programmable function keys
• Panic, fire or
emergency medical care
• Input / output terminal
• Front exploration tamper</span></pre>",,https://surveillance.arhamsoft.com/wp-content/uploads/2021/05/HS2LCDRF8EE3.jpg
"LCD KEYBOARD HS2LCDPEE3","<pre id=""tw-target-text"" class=""tw-data-text tw-text-large XcVN5d tw-ta"" dir=""ltr"" data-placeholder=""Translation""><span class=""Y2IQFc"" lang=""en"">• Backlight: blue
• Adjustable backlight and buzzer volume
• Global partition status
• Supports up to 128 wired or
wireless zones
• Zone marking up to 32
sign
• Programmable menu
• Outdoor temperature display
via PGx905
• 5 programmable function keys
• Panic, fire or
emergency medical care
• Input / output terminal
• Front exploration tamper</span></pre>",,https://surveillance.arhamsoft.com/wp-content/uploads/2021/05/HS2LCDPEE3-1.jpg
"MOTION DETECTOR LC-104-PIMW","<pre id=""tw-target-text"" class=""tw-data-text tw-text-large XcVN5d tw-ta"" dir=""ltr"" data-placeholder=""Translation""><span class=""Y2IQFc"" lang=""en"">Dual technology combines
passive infrared and microwave detection with insensitivity to pets
up to 25kg
• Alarm contact type “A” i
tamper switch
• Quad Linear Imaging Technology (QLIT) enables
better analysis of body dimensions
• Two-way PIR / MW sensitivity adjustment</span></pre>",,https://surveillance.arhamsoft.com/wp-content/uploads/2021/05/LC-104-PIMW.jpg
"MOTION DETECTOR LC-100-PI","<pre id=""tw-target-text"" class=""tw-data-text tw-text-large XcVN5d tw-ta"" dir=""ltr"" data-placeholder=""Translation""><span class=""Y2IQFc"" lang=""en"">A motion detector uses
intelligent signal analysis
for reliable detection
• Insensitivity to pets
pets up to 25 kg
• Covers an area of ​​5-15m
• Adjustable sensitivity
• tamper switch</span></pre>",,https://surveillance.arhamsoft.com/wp-content/uploads/2021/05/lc-100-pi.jpg
"BATTERY FOR ALARM SIREN","BACKUP BATTERY FOR ALARM SIREN

1.2AH / 12V",,https://surveillance.arhamsoft.com/wp-content/uploads/2021/05/1.2AH12V.jpg
"BATTERY FOR CENTRAL UNIT","BACKUP BATTERY FOR CENTRAL UNIT

7.5AH / 12V",,https://surveillance.arhamsoft.com/wp-content/uploads/2021/05/7.5ah12v.jpg
"TRAFO 45VA 16.5V AC","INPUT 100-240V

OUTPUT AC 16.5V 2.72A",,https://surveillance.arhamsoft.com/wp-content/uploads/2021/05/45VA.jpg
"TRAFO 30VA 16.5V AC","INPUT 100-240V

OUTPUT AC 16.5V",,https://surveillance.arhamsoft.com/wp-content/uploads/2021/05/30VA16.5.jpg
"ALARM BOARD HS2128","ALARM BOARD 8 ZONES

EXPANDABLE TO 128 ZONES WITH EXPANDERS

8 PARTITION

1000 USERS",,https://surveillance.arhamsoft.com/wp-content/uploads/2021/05/HS2128.jpg
"ALARM BOARD HS2064","ALARM BOARD 8 ZONES

EXPANDABLE TO 64 ZONES WITH EXPANDERS

8 PARTITION

500 USERS",,https://surveillance.arhamsoft.com/wp-content/uploads/2021/05/HS2064.jpg
"CASE FOR DSC","CASE FOR DSC BOARD

&nbsp;",,https://surveillance.arhamsoft.com/wp-content/uploads/2021/05/dsccase.jpg
"ALARM BOARD HS2032","ALARM BOARD 8 ZONES

EXPANDABLE TO 32 ZONES WITH EXPANDERS

4 PARTITION

72 USERS",,https://surveillance.arhamsoft.com/wp-content/uploads/2021/05/HS2032-1.jpg
"MIFARE CARD","MIFARE ACCESS CONTROL CARD",,https://surveillance.arhamsoft.com/wp-content/uploads/2021/05/mifare.jpg
"FREE SOFTWARE","FREE SOFTWARE FOR SOME ACCESS CONTROL MANUFACTURERS",,https://surveillance.arhamsoft.com/wp-content/uploads/2021/05/freesoftware.jpg
"HIKVISION FACE RECOGNITION TERMINAL WITH SOUND DS-K1T671M","<pre id=""tw-target-text"" class=""tw-data-text tw-text-large XcVN5d tw-ta"" dir=""ltr"" data-placeholder=""Prijevod""><span class=""Y2IQFc"" lang=""en"">Freestanding face recognition terminal with sound
Face recognition in a dark environment
7 ”LCD touch screen
2MP wide angle camera
MIFARE card reader
Deep learning algorithm
Time required for face recognition: less than 0.2s per person
Storage of up to 6,000 face pictures, 6,000 mifare cards
Storage of up to 50,000 events
Two-way audio communication with client software, indoor unit or master station
Live view via RTSP protocol
Connect an additional card reader or access control via RS-485 or Wiegand interface
For outdoor installation (IP65 standard)
Interfaces: RS-485 x1, Wiegand x1, USB x1, lock x1, output button x1, tamper x1, alarm input x2, alarm output x1, door x1
Power supply 12VDC 3A

</span></pre>",,https://surveillance.arhamsoft.com/wp-content/uploads/2021/05/DS-K1T671M.jpg
"HIKVISION STANDING MIFARE CARD READER DS-K1T500S","<pre id=""tw-target-text"" class=""tw-data-text tw-text-large XcVN5d tw-ta"" dir=""ltr"" data-placeholder=""Prijevod""><span class=""Y2IQFc"" lang=""en"">2MP camera with IR
It can serve as an outdoor unit in the intercom system
It can serve as an outdoor unit via the Hik-connect application
Storage: microSD slot
Recording via NVR or microSD card
Storage of up to 50,000 cards
Storage of up to 200,000 events
Identification using a QR code
For outdoor installation (IP65 protection standard)
Communication: TCP / IP and RS-485
Card reader: Wiegand and RS-485
Multiple identification (QR code, card, card + password, QR code + password ()
Input interfaces: Bell x1, Exit button x1, lock x1, tamper x1, alarm x2
Output interfaces: Lock relay x1, alarm (bell) x1
Two-way audio, built-in microphone and speaker
Power supply 12VDC 1A
Dimensions: 218 mm x 78 mm x 41 mm</span></pre>",,https://surveillance.arhamsoft.com/wp-content/uploads/2021/05/DS-K1T500S.jpg
"HIKVISION ACCESS CONTROL TERMINAL WITH FINGERPRINT AND MIFARE CARD READER DS-K1T804MF","<pre id=""tw-target-text"" class=""tw-data-text tw-text-large XcVN5d tw-ta"" dir=""ltr"" data-placeholder=""Prijevod""><span class=""Y2IQFc"" lang=""en"">Mifare card reader
Storage of up to 3000 users and 100,000 events
2.4 inch LCD screen
Wired and Wi-Fi connection
It can serve as a card reader and supports Wiegand and RS485 control management interfaces
Store up to 3,000 fingerprints
Supports multiple door openings (card, card and password, exit key ..)
Multiple identification (card, fingerprint, card + fingerprint, card + password, fingerprint + password, card + fingerprint + password…
Input interfaces: Door switch x1, lock x1, alarm input x1
Output interfaces: bell, relay output
Optical fingerprint module, 1: N mode (fingerprint, card + fingerprint) 1: 1 mode (card + fingerprint)
Storage 256M
Power supply: 12VDC
Consumption 500mA (without lock)
Dimensions: 137 x 142 x35</span></pre>",,https://surveillance.arhamsoft.com/wp-content/uploads/2021/05/DS-K1T804MF.jpg
"SD CARD 128GB","SD CARD 128GB FOR SURVEILLANCE


",,https://surveillance.arhamsoft.com/wp-content/uploads/2021/05/128gb.jpg
"HDMI EXTENDER","HDMI EXTENDER OVER UTP
UP TO 60M
IN BOX TRANSMITER AND RECIVER",,https://surveillance.arhamsoft.com/wp-content/uploads/2021/05/HDMIEX.jpg
"VGA EXTENDER","VGA EXTENDER OVER UTP
UP TO 100M
IN BOX TRANSMITER AND RECIVER",,https://surveillance.arhamsoft.com/wp-content/uploads/2021/05/LKV374.jpg
"HIKVISION 6MP CAMERA DS-2CD2063G0-I","RESOLUTION 6MPX
FIXED 2.8 LENSE
30M IR
BULLET CASE",,https://surveillance.arhamsoft.com/wp-content/uploads/2021/05/ds-2cd2063g0-i.jpg
"PRO TWISTED PAIR CABEL CCTV","PRO UTP CAT 5E
GREAT PERFORMANCE
FULL COPPER
PRICE FOR 1M",,https://surveillance.arhamsoft.com/wp-content/uploads/2021/05/UTP5.jpg
"HIWATCH 16 CHANNEL 2MP DVR HWD-5116","RESOLUTION: 2MPX
CHANNELS: 16X <br>
NUMBER OF HARD DRIVES: 1
MAX HARD DRIVE SPACE: 6TB",,https://surveillance.arhamsoft.com/wp-content/uploads/2021/05/HDW-5116.jpg
"HIWATCH 8 CHANNEL 2MP DVR HWD-5108","RESOLUTION: 2MPX
CHANNELS: 8X <br>
NUMBER OF HARD DRIVES: 1
MAX HARD DRIVE SPACE: 6TB",,https://surveillance.arhamsoft.com/wp-content/uploads/2021/05/hwd-5108.jpg
"HIWATCH 4 CHANNEL 2MP DVR HWD-5104","RESOLUTION: 2MPX
CHANNELS: 4X <br>
NUMBER OF HARD DRIVES: 1
MAX HARD DRIVE SPACE: 6TB",,https://surveillance.arhamsoft.com/wp-content/uploads/2021/05/HDW-5104.jpg
"WESTERN DIGITAL PURPLE HARD DRIVE 10TB","CAPACITY: 10TB
WESTERN DIGITAL PURPLE
MADE FOR 24/7 USE",,https://surveillance.arhamsoft.com/wp-content/uploads/2021/05/hd10tb.jpg
"RJ45 TWISTER PAIR CABLE CONNECTOR","RJ45 CONNECTOR
FOR TWISTED PAIR (UTP) CAT 5 CABLE",,https://surveillance.arhamsoft.com/wp-content/uploads/2021/03/RJ45.jpg
"DAHUA 8 CHANNEL 4K NVR NVR2108-I","RESOLUTION IP: 8MPX
CHANNEL: 8X <br>
NUMBER OF HARD DRIVES: 1
MAX HARD DRIVE SPACE: 6TB",,https://surveillance.arhamsoft.com/wp-content/uploads/2021/03/nvr2108-i.jpg
"DAHUA 4 CHANNEL 4K NVR NVR2104-I","RESOLUTION IP: 8MPX
CHANNEL: 4X <br>
NUMBER OF HARD DRIVES:  1
MAX HARD DRIVE SPACE: 6TB
",,https://surveillance.arhamsoft.com/wp-content/uploads/2021/03/nvr2104-i.jpg
"DAHUA 2MP IP POE CAMERA IPC-HDW1231S","RESOLUTION 2MPX
FIXED 2.8 LENSE
30M IR
DOME CASE",,https://surveillance.arhamsoft.com/wp-content/uploads/2021/03/IPC-HDW1231S.jpg
"DAHUA 2MP IP POE CAMERA IPC-HFW1230S","RESOLUTION 2MPX
FIXED 2.8 LENSE
30M IR
BULLET CASE",,https://surveillance.arhamsoft.com/wp-content/uploads/2021/03/IPC-HFW1230S.jpg
"DAHUA 5MP CCTV CAMERA HAC-HDW1500MP-28","RESOLUTION 5MPX
FIXED 2.8 LENSE
30M IR
DOME CASE",,https://surveillance.arhamsoft.com/wp-content/uploads/2021/03/hac-hdw1500mp-28.jpg
"DAHUA 5MP CCTV CAMERA HAC-HFW1500TL","RESOLUTION 5MPX
FIXED 2.8 LENSE
40M IR
BULLET CASE",,https://surveillance.arhamsoft.com/wp-content/uploads/2021/03/hac-hfw1500tl.jpg
"DAHUA 8 CHANNEL 4K XVR XVR-5108HS-4KL-X","RESOLUTION CCTV/IP: CCTV 5MPX & IP 8MPX <br>
CHANNEL: 8X + 4IP <br>
NUMBER OF HARD DRIVES:  1
MAX HARD DRIVE SPACE: 10TB",,https://surveillance.arhamsoft.com/wp-content/uploads/2021/03/xvr-5108-hs-4klx.jpg
"DAHUA 4 CHANNEL 4K XVR XVR-5104C-4KL-X","RESOLUTION CCTV/IP: CCTV 5MPX & IP 8MPX <br>
CHANNEL: 4XCCTV+2IP OR 6IP <br>
NUMBER OF HARD DRIVES:  1
MAX HARD DRIVE SPACE: 10TB
",,https://surveillance.arhamsoft.com/wp-content/uploads/2021/03/xvr-5104c-4kl-x.jpg
"DAHUA 2MP CCTV CAMERA HAC-HFW1200T","RESOLUTION 2MPX
FIXED 2.8 LENSE
30M IR
BULLET CASE",,https://surveillance.arhamsoft.com/wp-content/uploads/2021/03/hac-hfw1200t.jpg
"DAHUA 2MP CCTV CAMERA HAC-HDW1200MP-28","RESOLUTION 2MPX
FIXED 2.8 LENSE
30M IR
DOME CASE",,https://surveillance.arhamsoft.com/wp-content/uploads/2021/03/hac-hdw1200mp-28.jpg
"PRO TWISTED PAIR UTP CABEL","PRO UTP CAT 5E GREAT PERFORMANCE
FULL COPPER
PRICE FOR 1M",,https://surveillance.arhamsoft.com/wp-content/uploads/2021/05/UTP5.jpg
"AC/DC  POWER ADAPTER 12V- 1 AMPER","POWER SUPPLY FOR CAMERA
OUTPUT 12V/1A",,https://surveillance.arhamsoft.com/wp-content/uploads/2021/03/adp12v1a.jpg
"SD CARD 64GB","SD CARD 64GB FOR SURVEILLANCE
",,https://surveillance.arhamsoft.com/wp-content/uploads/2021/03/64gb.jpg
"SD CARD 32GB","SD CARD 32GB FOR SURVEILLANCE
",,https://surveillance.arhamsoft.com/wp-content/uploads/2021/03/32gb.jpg
"HIKVISION WI-FI IP CAMERA WITH PIR DETECTOR","Resolution 2MPx
Lens: 2.8 mm cca 105°
Microphone and speaker, two-way audio communication
SD-card 128GB support
PIR detector, no false alarms",,https://surveillance.arhamsoft.com/wp-content/uploads/2021/03/ds-2cd2421g0-iw.jpg
"WI-FI PT CAMERA WITH HUMAN DETECTION","Resolution 2MPx
Lens: 2.8 mm
Microphone and speaker, two-way audio communication
SD-card 128GB support
PIR detector, no false alarms
Auto tracking / Human detection",,https://surveillance.arhamsoft.com/wp-content/uploads/2021/03/HDV-PT33.jpg
"WI-FI OUTDOOR SMART BULLET CAMERA","Resolution 2MPx
Lens: 2.8 mm cca 105°
Human detection - the camera recognizes the movement of people in the frame
SD-card 256GB support
PIR detector, no false alarms
",,https://surveillance.arhamsoft.com/wp-content/uploads/2021/03/HDV-B1-ANS.jpg
"WI-FI CAMERA WITH AUTO TRACKING","Resolution 2MPx
Lens: 2.8 mm
Microphone and speaker, two-way audio communication
SD-card 128GB support
Auto tracking / Human detection
",,https://surveillance.arhamsoft.com/wp-content/uploads/2021/03/HDV-ITY-PT13.jpg
"G-ERV application &#8211; access control","<pre id=""tw-target-text"" class=""tw-data-text tw-text-large XcVN5d tw-ta"" dir=""ltr"" data-placeholder=""Prijevod""><span class=""Y2IQFc"" lang=""en"">G-ERV application - access control</span></pre>",,https://surveillance.arhamsoft.com/wp-content/uploads/2021/03/acsoftware.jpg
"G-ERV time and attendance application","<pre id=""tw-target-text"" class=""tw-data-text tw-text-large XcVN5d tw-ta"" dir=""ltr"" data-placeholder=""Prijevod""><span class=""Y2IQFc"" lang=""en"">G-ERV application time and attendance records</span></pre>",,https://surveillance.arhamsoft.com/wp-content/uploads/2021/03/tasoftware.jpg
"CV-14/DC LOCK","DC STANDARD LOCK

- DIMENSIONS: 159x25x32mm",,https://surveillance.arhamsoft.com/wp-content/uploads/2021/03/CV-14DC.jpg
"AC/DC POWER ADAPTER 220V ON 12V/2 AMP","POWER SUPPLY

12V/2A",,https://surveillance.arhamsoft.com/wp-content/uploads/2021/03/adp12v2a.jpg
"PRO TWISTED PAIR CABEL","UTP5E PRO CABLE

FULL COPPER

PRICE PER 1M",,https://surveillance.arhamsoft.com/wp-content/uploads/2021/05/UTP5.jpg
"RFID CARD","RFID CARD",,https://surveillance.arhamsoft.com/wp-content/uploads/2021/03/rfid.jpg
"ACCESS CONTROL / OPENING EL. LOCK","<pre id=""tw-target-text"" class=""tw-data-text tw-text-large XcVN5d tw-ta"" dir=""ltr"" data-placeholder=""Prijevod""><span class=""Y2IQFc"" lang=""en"">OPENING THE LOCK BY ENTERING PASSWORD, RFID CARDS AND PENDANTS
UP TO 2000 USERS
IP 68 WATERPROOF PROTECTION
BACKLIGHT

</span></pre>",,https://surveillance.arhamsoft.com/wp-content/uploads/2021/03/ac-103.jpg
"ANVIZ T5-PRO FINGERPRINT ACCESS CONTROL","<pre id=""tw-target-text"" class=""tw-data-text tw-text-large XcVN5d tw-ta"" dir=""ltr"" data-placeholder=""Prijevod""><span class=""Y2IQFc"" lang=""en"">ENTRY CONTROL USING FINGERPRINTS - UP TO 1000 USERS
ACCEPTANCE OF RFID CARDS / RFID PENDANTS
INTERFACE: RS485, USB Plug &amp; Play, TCP / IP
SOFTWARE INCLUDED
RELAY OUTPUT FOR ELECTRIC LOCK
DIMENSIONS: 145mmx55mmx37mm</span></pre>",,https://surveillance.arhamsoft.com/wp-content/uploads/2021/03/t5pro.jpg
"ANVIZ FINGERPRINT ACCESS CONTROL / RFID / KEYBOARD","<pre id=""tw-target-text"" class=""tw-data-text tw-text-large XcVN5d tw-ta"" dir=""ltr"" data-placeholder=""Prijevod""><span class=""Y2IQFc"" lang=""en"">ENTRY CONTROL USING FINGERPRINTS - UP TO 1000 USERS
CODE FOR ENTERING THE CODE
ACCEPTANCE OF UP TO 2000 RFID CARDS / RFID PENDANTS
INTERFACE: RS485, USB Plug &amp; Play, TCP / IP
SOFTWARE INCLUDED
RELAY OUTPUT FOR ELECTRIC LOCK
DIMENSIONS: 180 mmx80mmx40mm</span></pre>",,https://surveillance.arhamsoft.com/wp-content/uploads/2021/03/vf30.jpg
"RFID TAG","* WORKING ON 125Mhz
* CANNOT BE COPIED",,https://surveillance.arhamsoft.com/wp-content/uploads/2021/03/rfid-privjesak-tag--150x150.jpg
"BUS MODUL DVC DT-BDU","System: 2 Easy
Dimensions: 72 x 90 x 60
Power: 20 - 28 V DC",,https://surveillance.arhamsoft.com/wp-content/uploads/2021/03/DT-BDU.jpg
"DISTRIBUTOR DVC DT-DBC4S","System: 2 Easy
Dimensions: 45 x 45 x 16 mm
Power: 24 VDC",,https://surveillance.arhamsoft.com/wp-content/uploads/2021/03/DT-DBC4S.jpg
"DISTRIBUTOR DVC DT-DBC2S","System: 2 Easy
Dimensions: 45 x 45 x 16 mm
Power: 24 VDC",,https://surveillance.arhamsoft.com/wp-content/uploads/2021/03/DT-DBC2S.jpg
"POWER SUPPLY DVC PC7","System: Audio+Video
Dimensions: 140 x 90 x 60
Imput: 230VAC / 50Hz
Output: 28 VDC",,https://surveillance.arhamsoft.com/wp-content/uploads/2021/03/pc7.jpg
"INSIDE AUDIO UNIT DVC DT-DJ4A","INSIDE UNIT AUDIO

AUDIO

DIMENSION:  97 x 187 x 33",,https://surveillance.arhamsoft.com/wp-content/uploads/2021/03/DT-DJ4A.jpg
"INSIDE VIDEO UNIT DVC DT437","Dimensions: 137 x 137 x 17
Communication: Audio+Video
Resolution: TFT (800 x 480 px)
Size: 4.3''
Power: 20 - 28V DC",,https://surveillance.arhamsoft.com/wp-content/uploads/2021/03/dt437.jpg
"INSIDE VIDEO UNIT DVC DX471","Dimensions: 161x174x22mm
Communication: Audio+Video
Resolution: TFT (800 x 480 px)
Size: 7''
Power: 20 - 28V DC",,https://surveillance.arhamsoft.com/wp-content/uploads/2021/03/DX471.jpg
"OUTSIDE UNIT DVC DT607/FE/ID/S4/RH","RFID YES

CAMERA FISHEYE

NUMBER OF BUTTONS 4

DIMENZIONS: 94 x 179 x 42",,https://surveillance.arhamsoft.com/wp-content/uploads/2021/03/DT607FEIDS4RH.jpg
"HIKVISION INSIDE UNIT DS-KH8350-WTE1","<ul class=""product_description_item-list"">
 	<li class="" product_description_item"">IP indoor station</li>
 	<li class="" product_description_item"">Reddot award 2017 winner, 7“ Touch-Screen Indoor Station</li>
 	<li class="" product_description_item"">Wi-Fi (for W version), standard PoE/ 12 VDC</li>
 	<li class="" product_description_item"">TF card, max 32G, for capture while video calling</li>
 	<li class="" product_description_item"">8-ch alarm input , 2 alarm output, 1x485</li>
 	<li class="" product_description_item"">Remote unlocking via the client or the APP</li>
 	<li class="" product_description_item"">Views live videos of door stations and external cameras</li>
</ul>",,https://surveillance.arhamsoft.com/wp-content/uploads/2021/05/DS-KH8350-WTE11.jpg
"HIKVISION OUTSIDE UNIT DS-KV8413-WME1","<ul class=""product_description_item-list"">
 	<li class="" product_description_item"">Support Wifi, convenient setting up and no wiring required</li>
 	<li class="" product_description_item"">Support web configuration</li>
 	<li class="" product_description_item"">Aluminum alloy, Nice industry design, IP65, IK08, 3 indicator integrated</li>
 	<li class="" product_description_item"">Internal Mifare card reader, 1-ch Indoor station access control</li>
 	<li class="" product_description_item"">Noise suppression and echo cancellation</li>
 	<li class="" product_description_item"">2MP HD Camera with IR supplement</li>
 	<li class="" product_description_item"">Standard PoE/12 VDC</li>
</ul>",,https://surveillance.arhamsoft.com/wp-content/uploads/2021/05/DS-KV8413-WME1.jpg
"HIKVISION OUTSIDE UNIT DS-KV8213-WME1","<ul class=""product_description_item-list"">
 	<li class="" product_description_item"">Support Wifi, convenient setting up and no wiring required</li>
 	<li class="" product_description_item"">Support web configuration</li>
 	<li class="" product_description_item"">Aluminum alloy, Nice industry design, IP65, IK08, 3 indicator integrated</li>
 	<li class="" product_description_item"">Internal Mifare card reader, 1-ch Indoor station access control</li>
 	<li class="" product_description_item"">Noise suppression and echo cancellation</li>
 	<li class="" product_description_item"">2MP HD Camera with IR supplement</li>
 	<li class="" product_description_item"">Standard PoE/12 VDC</li>
</ul>",,https://surveillance.arhamsoft.com/wp-content/uploads/2021/05/DS-KV8213-WME1.jpg
"AJAX SOCKET","<pre id=""tw-target-text"" class=""tw-data-text tw-text-large XcVN5d tw-ta"" dir=""ltr"" data-placeholder=""Prijevod""><span class=""Y2IQFc"" lang=""en"">Ajax Socket wireless, smart socket (Schuko - type F) with wireless control for Ajax systems (min 200,000 plug-ins)
Overvoltage, current and temperature protection, max 11A (13A to 5 sec)
LED load signaling

</span></pre>",,https://surveillance.arhamsoft.com/wp-content/uploads/2021/03/socket.jpg
"AJAX SPACECONTROL REMOTE CONTROL","<pre id=""tw-target-text"" class=""tw-data-text tw-text-large XcVN5d tw-ta"" dir=""ltr"" data-placeholder=""Prijevod""><span class=""Y2IQFc"" lang=""en"">Ajax SpaceControl remote control with 4 buttons to control safety modes
The signal is sent in an encrypted form that prevents it from being intercepted
LED signaling
Battery powered

</span></pre>",,https://surveillance.arhamsoft.com/wp-content/uploads/2021/03/spacecontrol.jpg
"AJAX STREETSIREN","<pre id=""tw-target-text"" class=""tw-data-text tw-text-large XcVN5d tw-ta"" dir=""ltr"" data-placeholder=""Prijevod""><span class=""Y2IQFc"" lang=""en"">Ajax HomeSiren SMART wireless external siren that beeps loudly during detector activation
Operating range: up to 1,500m (outdoors without obstacles)
Adjustable volume level and alarm sound length
IP54 housing protection against dust, hail and rain; operates at temperatures down to -25 ° C
Tamper protection
LED signaling
Battery powered, optional 12VDC power supply

</span></pre>",,https://surveillance.arhamsoft.com/wp-content/uploads/2021/03/streetsiren.jpg
"AJAX HOMESIREN","<pre id=""tw-target-text"" class=""tw-data-text tw-text-large XcVN5d tw-ta"" dir=""ltr"" data-placeholder=""Prijevod""><span class=""Y2IQFc"" lang=""en"">Ajax HomeSiren SMART wireless internal siren that loudly sounds an audible alarm during activation detection
Operating range: up to 2,000m (outdoors without obstacles)
Adjustable volume level and alarm sound length
Tamper protection; IP50 housing protection
LED signaling
Battery powered (batteries included)

</span></pre>",,https://surveillance.arhamsoft.com/wp-content/uploads/2021/03/homesiren.jpg
"AJAX KEYPAD","<pre id=""tw-target-text"" class=""tw-data-text tw-text-large XcVN5d tw-ta"" dir=""ltr"" data-placeholder=""Prijevod""><span class=""Y2IQFc"" lang=""en"">Ajax KeyPad Wireless Touchsense Keyboard to Turn Ajax Security Systems On and Off
It is mounted in a room near the front door to allow quick access to the keyboard
LED signaling

</span></pre>",,https://surveillance.arhamsoft.com/wp-content/uploads/2021/03/keypad.jpg
"AJAX OUTDOOR DETECTOR MOTIONPROTECT","<pre id=""tw-target-text"" class=""tw-data-text tw-text-large XcVN5d tw-ta"" dir=""ltr"" data-placeholder=""Prijevod""><span class=""Y2IQFc"" lang=""en"">Ajax MotionProtect Outdoor Wireless Outdoor PIR Motion Detector with Intelligent False Alarm Protection
IP54 protection against dust and splashes
LED signaling
Tamper protection
Pet immunity - insensitive to pets up to 80cm tall
The bracket comes with the device
Battery powered

</span></pre>",,https://surveillance.arhamsoft.com/wp-content/uploads/2021/03/motionprot-outdoor.jpg
"AJAX MOTION DETECTOR MOTIONPROTECT","<pre id=""tw-target-text"" class=""tw-data-text tw-text-large XcVN5d tw-ta"" dir=""ltr"" data-placeholder=""Prijevod""><span class=""Y2IQFc"" lang=""en"">Ajax MotionProtect wireless internal PIR motion detector
LED signaling
Tamper protection
Pet immunity - insensitive to pets up to 20 kg and height up to 50cm
The bracket comes with the device
Battery powered

</span></pre>",,https://surveillance.arhamsoft.com/wp-content/uploads/2021/03/motionprotect.jpg
"AJAX DETECTOR DOOR PROTECT","<pre id=""tw-target-text"" class=""tw-data-text tw-text-large XcVN5d tw-ta"" dir=""ltr"" data-placeholder=""Prijevod""><span class=""Y2IQFc"" lang=""en"">Ajax DoorProtect wireless magnetic contact for door and window protection
It can be mounted on all types of doors, including metal base
Includes connector for additional contact
LED signaling
Tamper protection
Battery powered

</span></pre>",,https://surveillance.arhamsoft.com/wp-content/uploads/2021/03/doorprotect.jpg
"AJAX HUB2 MAIN UNIT","<pre id=""tw-target-text"" class=""tw-data-text tw-text-large XcVN5d tw-ta"" dir=""ltr"" data-placeholder=""Prijevod""><span class=""Y2IQFc"" lang=""en"">Ajax HUB2 SMART Central unit of wireless anti-theft system
Integrated LAN and dual SIM GSM / GPRS communicator, reception of up to two 2G SIM cards
Operating range: up to 2,000m (outdoors without obstacles)
Up to 100 wireless devices, 9 partitions, max 50 users can be added and work
Supports video verification with Ajax MotionCam motion detector with built-in camera
Supports up to 5x Ajax ReX signal amplifiers
Built-in back-up battery

</span></pre>",,https://surveillance.arhamsoft.com/wp-content/uploads/2021/03/HUB2.jpg
"AJAX HUB MAIN UNIT","<pre id=""tw-target-text"" class=""tw-data-text tw-text-large XcVN5d tw-ta"" dir=""ltr"" data-placeholder=""Prijevod""><span class=""Y2IQFc"" lang=""en"">Ajax HUB SMART Central unit of wireless anti-theft system
Integrated LAN and GSM / GPRS communicator, 2G SIM card reception
Operating range: up to 2,000m (outdoors without obstacles)
Up to 100 wireless devices, 9 partitions, max 50 users can be added and work
Supports 1x Ajax ReX signal amplifier
Built-in back-up battery

</span></pre>",,https://surveillance.arhamsoft.com/wp-content/uploads/2021/03/HUB.jpg
"HIKVISION AX PRO REMOTE CONTROL DS-PKF1-WE","<pre id=""tw-target-text"" class=""tw-data-text tw-text-large XcVN5d tw-ta"" dir=""ltr"" data-placeholder=""Prijevod""><span class=""Y2IQFc"" lang=""en"">Remote control Controller for switching the control panel on and off
The signal is sent in an encrypted form that prevents it from being intercepted
LED signaling
Operating range: up to 900m (outdoors without obstacles
Battery powered

</span></pre>",,https://surveillance.arhamsoft.com/wp-content/uploads/2021/03/DS-PKF1-WE.jpg
"HIKVISION AX PRO PORTABLE PANIC KEY DS-PDEBP1-EG2-WE","<pre id=""tw-target-text"" class=""tw-data-text tw-text-large XcVN5d tw-ta"" dir=""ltr"" data-placeholder=""Prijevod""><span class=""Y2IQFc"" lang=""en"">868 MHz frequency
Built-in LED indicator
The device is waterproof, IP54 protection
Suitable for wearing around the neck or as a bracelet
Operating range: up to 1000m (outdoors without obstacles)
Battery: CR2035 x 1 (life up to 3 years)

</span></pre>",,https://surveillance.arhamsoft.com/wp-content/uploads/2021/03/DS-PDEBP1-EG2-WE.jpg
"HIKVISION AX PRO OUTDOOR SIREN DS-PS1-E-WE","<pre id=""tw-target-text"" class=""tw-data-text tw-text-large XcVN5d tw-ta"" dir=""ltr"" data-placeholder=""Prijevod""><span class=""Y2IQFc"" lang=""en"">868 MHz frequency
Operating range: in relation to the alarm control panel up to 1600m (in open space without obstacles)
Front and rear tamper protection; IP65 level of protection
3 types of alarm sound: fire alarm, panic alarm and burglar alarm
Strength: 110 dB
Built-in LED indicator
Battery: 4x CR123A (included in the package; shelf life up to 3 years)

</span></pre>",,https://surveillance.arhamsoft.com/wp-content/uploads/2021/03/DS-PS1-E-WE.jpg
"HIKVISION AX PRO INDOOR SIREN DS-PS1-I-WE","<div id=""tw-container"" class=""YQaNob"" data-cp=""1"" data-is-ver=""false"" data-nnttsvi=""1"" data-sm=""1"" data-sugg-time=""500"" data-sugg-url=""https://clients1.google.com/complete/search"" data-uilc=""hr"">
<div id=""tw-ob"" class=""tw-src-ltr"">
<div class=""oSioSc"">
<div id=""tw-target"">
<div id=""kAz1tf"" class=""g9WsWb"">
<div id=""tw-target-text-container"" class=""tw-ta-container hide-focus-ring tw-nfl"" tabindex=""0"">
<pre id=""tw-target-text"" class=""tw-data-text tw-text-large XcVN5d tw-ta"" dir=""ltr"" data-placeholder=""Prijevod""><span class=""Y2IQFc"" lang=""en"">868 MHz frequency
Operating range: in relation to the alarm control panel up to 1600m (in open space without obstacles)
Front and rear tamper protection against forced removal
3 types of alarm sound: fire alarm, panic alarm and burglar alarm
Strength: 90-110 dB
Battery: 3x CR123A (included in the package; shelf life up to 3 years)

</span></pre>
</div>
<div class=""iYB33c"">
<div id=""tw-tmenu"" class=""tw-menu""></div>
</div>
</div>
</div>
</div>
</div>
<div id=""tw-images""></div>
<div class=""dURPtb""></div>
<div>
<div></div>
</div>
</div>
<div class=""KFFQ0c""></div>",,https://surveillance.arhamsoft.com/wp-content/uploads/2021/03/DS-PS1-I-WE.jpg
"HIKVISION AX PRO MAGNETIC CONTACT DS-PDMCS-EG2-WE","<pre id=""tw-target-text"" class=""tw-data-text tw-text-large XcVN5d tw-ta"" dir=""ltr"" data-placeholder=""Prijevod""><span class=""Y2IQFc"" lang=""en"">Magnetic contact for door and window protection
868 MHz frequency
Front and rear tamper, LED indicator
Range: up to 1200m (outdoors without obstacles)
Battery: CR2450 x 1 (included in the package; shelf life up to 3 years)

</span></pre>",,https://surveillance.arhamsoft.com/wp-content/uploads/2021/03/DS-PDMCS-EG2-WE.jpg
"HIKVISION AX PRO WIRELESS FLOOD DETECTOR DS-PDWL-E-WE","<pre id=""tw-target-text"" class=""tw-data-text tw-text-large XcVN5d tw-ta"" dir=""ltr"" data-placeholder=""Prijevod""><span class=""Y2IQFc"" lang=""en"">Wireless flood detector in a waterproof case
Front and rear tamper
Operating range: up to 1200m (in open space without obstacles)
Battery: CR2450 x 1 (included in the package; shelf life up to 3 years)

</span></pre>",,https://surveillance.arhamsoft.com/wp-content/uploads/2021/03/ds-pdwl-e-we.jpg
"HIKVISION AX PRO MOTION CAM DETECTOR DS-PDPC12P-EG2-WE","<pre id=""tw-target-text"" class=""tw-data-text tw-text-large XcVN5d tw-ta"" dir=""ltr"" data-placeholder=""Prijevod""><span class=""Y2IQFc"" lang=""en"">PIR detector with camera
868 MHz frequency
Camera: 68 °, IR 12m
Detection range: 12m, 85.9 °
Front and rear tamper
Operating range: up to 800m (outdoors without obstacles)
LED indicator
Immunity to animals up to 30Kg
Battery: CR123A x 3 (included in the package; shelf life up to 6 years)

</span></pre>",,https://surveillance.arhamsoft.com/wp-content/uploads/2021/03/DS-PDPC12P-EG2-WE.jpg
"HIKVISION AX PRO LED KEYBOARD DS-PK1-E-WE","<pre id=""tw-target-text"" class=""tw-data-text tw-text-large XcVN5d tw-ta"" dir=""ltr"" data-placeholder=""Prijevod""><span class=""Y2IQFc"" lang=""en"">868 MHz wireless communication
AES-128 encryption
Operating range: in relation to the alarm control panel up to 1200m (in open space without obstacles)
Front and rear tamper protection against forced removal
3 types of alarm sound: fire alarm, panic alarm and medical alarm
Built-in LED indicator
Battery: 4x AA

</span></pre>",,https://surveillance.arhamsoft.com/wp-content/uploads/2021/03/DS-PK1-E-WE.jpg
"HIKVISION AX PRO MOTION DETECTOR DS-PDP15P-EG2-WE","<pre id=""tw-target-text"" class=""tw-data-text tw-text-large XcVN5d tw-ta"" dir=""ltr"" data-placeholder=""Prijevod""><span class=""Y2IQFc"" lang=""en"">PIR motion detector
868 MHz frequency
Detection range: 15m / 85.9 °
Operating range: up to 1600m (outdoors without obstacles)
Immunity to animals up to 30Kg
Battery: CR123A × 1 (included in the package; shelf life up to 5 years)

</span></pre>",,https://surveillance.arhamsoft.com/wp-content/uploads/2021/03/DS-PDP15P-EG2-WE.jpg
"HIKVISION AX PRO ALARM MAIN UNIT DS-PWA96-M-WE","<pre id=""tw-target-text"" class=""tw-data-text tw-text-large XcVN5d tw-ta"" dir=""ltr"" data-placeholder=""Prijevod""><span class=""Y2IQFc"" lang=""en"">868 MHz frequency
Wi-Fi and 3G / 4G communication
Up to 96 zones, 48 ​​controls, 4 repeaters, 6 sirens, 8 readers / keyboards and PIRCAM

</span></pre>",,https://surveillance.arhamsoft.com/wp-content/uploads/2021/03/DS-PWA96-M-WE.jpg
"HIKVISION AX PRO ALARM MAIN UNIT DS-PWA64-L-WE","868 MHz frequency
Wi-Fi and GPRS communication
Up to 64 zones, 32 ​​controls, 2 repeaters, 4 sirens, 8 readers / keyboards and PIRCAM",,https://surveillance.arhamsoft.com/wp-content/uploads/2021/03/ds-pwa64-l-we.jpg
"8 PORT POE SWITCH DS-3E0109P-E/M","9 PORTS: 8 PORTS + 1 UPLINK
300M POE RANGE
",,https://surveillance.arhamsoft.com/wp-content/uploads/2021/03/DS-3E0109P-EM.jpg
"4 PORT POE SWITCH DS-3E0105P-E/M","5 PORTS: 4 PORTS + 1 UPLINK
300M POE RANGE
",,https://surveillance.arhamsoft.com/wp-content/uploads/2021/03/DS-3E0105P-EM.jpg
"HIKVISION 8 CHANNEL 4K POE NVR DS-7608NI-K1/8P","RESOLUTION IP: 8MPX <br>
CHANNELS: 8 <br>
NUMBER OF HARD DRIVES:  1
MAX HARD DRIVE SPACE: 6TB
POE NVR: 8 CHANNEL",,https://surveillance.arhamsoft.com/wp-content/uploads/2021/03/ds-7608ni-k1-8p.jpg
"HIKVISION 8 CHANNEL 4K NVR-7608NI-K1","RESOLUTION IP: 8MPX
CHANNELS: 8
NUMBER OF HARD DRIVES: 1
MAX HARD DRIVE SPACE: 6TB
POE NVR: NO",,https://surveillance.arhamsoft.com/wp-content/uploads/2021/03/DS-7608NI-K1.jpg
"HIKVISION 4 CHANNEL 4K POE NVR DS-7604NI-K1/4P","RESOLUTION IP: 8MPX
CHANNELS: 4
NUMBER OF HARD DRIVES: 1
MAX HARD DRIVE SPACE: 6TB
POE NVR: 4 CHANNEL",,https://surveillance.arhamsoft.com/wp-content/uploads/2021/03/ds-7604ni-k1-4p.jpg
"HIKVISION 4 CHANNEL 4K NVR DS-7604NI-K1","RESOLUTION IP: 8MPX
CHANNEL: 4
NUMBER OF HARD DRIVES: 1
MAX HARD DRIVE SPACE: 6TB
POE NVR: NO",,https://surveillance.arhamsoft.com/wp-content/uploads/2021/03/ds-7604ni-k1.jpg
"HIKVISION 2MP IP BULLET POE CAMERA DS-2CD1021-I","RESOLUTION 2MPX
FIXED 2.8 LENSE
30M IR
BULLET CASE",,https://surveillance.arhamsoft.com/wp-content/uploads/2021/03/ds-2cd1021-i.jpg
"HIKVISION 2MP IP DOME POE CAMERA DS-2CD1121-I","RESOLUTION 2MPX
FIXED 2.8 LENSE
30M IR
DOME CASE",,https://surveillance.arhamsoft.com/wp-content/uploads/2021/03/ds-2cd1121-i.jpg
"HIKVISION 4MP IP DOME CAMERA HWI-T241H","RESOLUTION 4MP
FIXED 2.8 LENSE
30M IR
DOME CASE",,https://surveillance.arhamsoft.com/wp-content/uploads/2021/03/HWI-T241H.jpg
"HIKVISION 4MP IP BULLET CAMERA HWI-B141H","RESOLUTION 4MPX
FIXED 2.8 LENSE
30M IR
BULLET CASE",,https://surveillance.arhamsoft.com/wp-content/uploads/2021/03/hwi-b141h.jpg
"AC/DC POWER ADAPTER 220V/12V(5A) 4X OUTPUTS","4X OUTPUTS
220V TO 12V/5A
FOR 4X CAMERAS",,https://surveillance.arhamsoft.com/wp-content/uploads/2021/03/adp12v5a.jpg
"AC/DC POWER ADAPTER 220V/12V(2A) 2X OUTPUTS","2X OUTPUTS
220V TO 12V/2A
FOR 2X CAMERAS",,https://surveillance.arhamsoft.com/wp-content/uploads/2021/03/adp12v2a.jpg
"AC/DC POWER ADAPTER 220V/12V(1A) 1X OUTPUT","1X OUTPUT
220V TO 12V/1A
FOR 1X CAMERA",,https://surveillance.arhamsoft.com/wp-content/uploads/2021/03/adp12v1a.jpg
"HD VIDEO BALUN &#8211; COUPLE","VIDEO BALUN COUPLE
FOR CONNECTING 1 CAMERA
SUPPORT AHD/CVI/TVI/CVBS
LONG RANGE",,https://surveillance.arhamsoft.com/wp-content/uploads/2021/03/FS-HDP.jpg
"POWER CONNECTOR FEMALE","POWER CONNECTOR FEMALE
POWER UNIT SIDE
ONE CONNECTOR",,https://surveillance.arhamsoft.com/wp-content/uploads/2021/03/POWER-F.jpg
"POWER CONNECTOR MALE","POWER CONNECTOR MALE
CAMERA SIDE
ONE CONNECTOR",,https://surveillance.arhamsoft.com/wp-content/uploads/2021/03/POWER-M.jpg
"BNC CRIMP CONNECTOR FOR RG59 CABEL","BNC CONNECTOR FOR RG59 CABLE
ONE CONNECTOR",,https://surveillance.arhamsoft.com/wp-content/uploads/2021/03/BNC.png
"COMBI CABEL RG59 + 2X0.75","RG59PRO VIDEO CABEL + PPL 2 x 0.75 POWER CABLE
ALL IN ONE
PRICE IS FOR 1M",,https://surveillance.arhamsoft.com/wp-content/uploads/2021/03/RG59-PPL.jpg
"PRO TWISTED PAIR UTP CABEL IP","PRO UTP CAT 5E
GREAT PERFORMANCE
FULL COPPER
PRICE FOR 1M",,https://surveillance.arhamsoft.com/wp-content/uploads/2021/05/UTP5.jpg
"WESTERN DIGITAL PURPLE HARD DRIVE 6 TB","CAPACITY: 6TB
WESTERN DIGITAL PURPLE
MADE FOR 24/7 USE",,https://surveillance.arhamsoft.com/wp-content/uploads/2021/03/hd6tb.jpg
"WESTERN DIGITAL PURPLE HARD DRIVE 4 TB","CAPACITY: 4TB
WESTERN DIGITAL PURPLE
MADE FOR 24/7 USE",,https://surveillance.arhamsoft.com/wp-content/uploads/2021/03/hd4tb.jpg
"WESTERN DIGITAL PURPLE HARD DRIVE 2 TB","CAPACITY: 2TB
WESTERN DIGITAL PURPLE
MADE FOR 24/7 USE",,https://surveillance.arhamsoft.com/wp-content/uploads/2021/03/hd2tb.jpg
"WESTERN DIGITAL PURPLE HARD DRIVE 1 TB","CAPACITY: 1TB
WESTERN DIGITAL PURPLE
MADE FOR 24/7 USE",,https://surveillance.arhamsoft.com/wp-content/uploads/2021/03/hd1tb.jpg
"HIKVISION 4 CHANNEL 5MP XVR DS-7204HUHI-K1","RESOLUTION CCTV/IP: CCTV 5MPX &amp; IP 8MPX <br>
CHANNEL: 4XCCTV+2IP OR 8IP <br>
NUMBER OF HARD DRIVES: 1
MAX HARD DRIVE SPACE: 6TB",,https://surveillance.arhamsoft.com/wp-content/uploads/2021/03/DS-7204HUHI-K1.jpg
"HIKVISION 8 CHANNEL 4MP XVR DS-7108HQHI-K1","RESOLUTION CCTV/IP: CCTV 4MPX &amp; IP 6MPX
CHANNEL: 8XCCTV+2IP OR 12IP
NUMBER OF HARD DRIVES: 1
MAX HARD DRIVE SPACE: 6TB",,https://surveillance.arhamsoft.com/wp-content/uploads/2021/03/ds-7108hqhi-k1.jpg
"HIKVISION 4 CHANNEL 4 MP XVR DS-7104HQHI-K1","RESOLUTION CCTV/IP: CCTV 4MPX &amp; IP 6MPX <br>
CHANNEL: 4XCCTV+1IP OR 6IP <br>
NUMBER OF HARD DRIVES: 1
MAX HARD DRIVE SPACE: 6TB",,https://surveillance.arhamsoft.com/wp-content/uploads/2021/03/ds-7104hqhi-k1.jpg
"HIKVISION 8MP CCTV DOME CAMERA DS-2CE76U1T-ITMF","RESOLUTION 8MPX
FIXED 2.8 LENSE
30M IR
DOME CASE",,https://surveillance.arhamsoft.com/wp-content/uploads/2021/03/DS-2CE76U1T-ITMF.jpg
"HIKVISION 8MP CCTV BULLET CAMERA DS-2CE16U1T-ITF","RESOLUTION 8MPX
FIXED 2.8 LENSE
30M IR
BULLET CASE",,https://surveillance.arhamsoft.com/wp-content/uploads/2021/03/DS-2CE16U1T-ITF.jpg
"HIKVISION 5MP CCTV DOME KAMERA DS-2CE56H0T-ITMF","RESOLUTION 5MPX
FIXED 2.8 LENSE
30M IR
DOME CASE",,https://surveillance.arhamsoft.com/wp-content/uploads/2021/03/ds-2ce56h0t-itmf.jpg
"HIKVISION 5MP CCTV BULLET CAMERA DS-2CE16H0T-ITF","RESOLUTION 5MPX
FIXED 2.8 LENSE
30M IR
BULLET CASE",,https://surveillance.arhamsoft.com/wp-content/uploads/2021/03/ds-2ce16h0t-itf.jpg
"HIKVISION 4MP CCTV CAMERA HWT-T140-P","RESOLUTION 4MPX
FIXED 2.8 LENSE
20M IR
DOME CASE",,https://surveillance.arhamsoft.com/wp-content/uploads/2021/03/hwt-t140-p.jpg
"HIKVISION 4MP CCTV CAMERA HWT-B140-P","RESOLUTION 4MPX
FIXED 2.8 LENSE
20M IR
BULLET CASE",,https://surveillance.arhamsoft.com/wp-content/uploads/2021/03/hwt-b140-p.jpg
"HIKVISION 2MP CCTV CAMERA HWT-T120-M","FULL HD CAMERA 2MPX
FIXED 2.8 LENSE
20M IR
DOME CASE",,https://surveillance.arhamsoft.com/wp-content/uploads/2021/03/hwt-t120-m.jpg
"HIKVISION 2MP CCTV CAMERA HWT-B120-M","HIKVISION HWT-B120-M
FULL HD CAMERA 2MPX
FIXED 2.8 LENSE
20M IR
BULLET CASE",,https://surveillance.arhamsoft.com/wp-content/uploads/2021/03/HWT-B120M.jpg
"HIKVISION 8 CHANNEL 5MP XVR DS-7208HUHI-K2","RESOLUTION CCTV/IP: CCTV 5MPX & IP 8MPX <br>
CHANNEL: 8XCCTV+2IP OR 12IP <br>
NUMBER OF HARD DRIVES:  2
MAX HARD DRIVE SPACE: 6TB",,https://surveillance.arhamsoft.com/wp-content/uploads/2021/03/DS-7208HUHI-K2.jpg
"HIKVISION 16 CHANNEL 5MP XVR DS-7216HUHI-K2","RESOLUTION CCTV/IP: CCTV 5MPX &amp; IP 8MPX <br>
CHANNEL: 16XCCTV+4IP OR 32IP <br>
NUMBER OF HARD DRIVES: 2
MAX HARD DRIVE SPACE: 6TB",,https://surveillance.arhamsoft.com/wp-content/uploads/2021/03/DS-7216HUHI-K2.jpg
